Residue Number,RMSF (Å),RMSF (Å),RMSF (Å),Variance,Average,Standard deviation
1,8.0121,6.532,4.2745,2.361850669,6.272866667,1.536831373
2,7.4642,5.4121,3.5412,2.566812247,5.4725,1.602127413
3,5.7195,7.152,3.9887,1.672687976,5.620066667,1.293324389
4,3.4107,3.2134,2.5555,0.133680749,3.059866667,0.365623781
5,2.5812,2.8927,2.9634,0.027567509,2.812433333,0.166034662
6,3.0633,3.0903,3.072,0.00012662,3.0752,0.011252555
7,1.7736,2.4773,1.8793,0.095996687,2.0434,0.309833321
8,2.0295,2.3418,2.1449,0.016624229,2.172066667,0.128934979
9,0.8825,0.9221,0.8434,0.001032296,0.882666667,0.032129357
10,0.6564,0.7222,0.5846,0.003157627,0.6544,0.056192763
11,0.6185,0.6993,0.5991,0.001882782,0.638966667,0.043391039
12,0.5339,0.6602,0.5338,0.003547629,0.575966667,0.059561975
13,0.7811,1.0287,0.751,0.015481007,0.8536,0.124422694
14,0.634,0.7748,0.6025,0.005611576,0.670433333,0.07491045
15,0.8535,1.1428,0.9702,0.014122682,0.988833333,0.118838892
16,1.098,0.9332,0.8758,0.008869627,0.969,0.094178695
17,0.866,0.8308,0.7274,0.003460062,0.808066667,0.058822294
18,0.6387,0.7981,0.6361,0.005739902,0.690966667,0.075762142
19,0.666,0.7803,0.6788,0.002614509,0.708366667,0.051132269
20,0.5508,0.6691,0.599,0.002359127,0.6063,0.048570842
21,0.7124,0.7965,0.8119,0.001912247,0.7736,0.043729243
22,0.7434,0.8015,0.6287,0.005154616,0.724533333,0.071795651
23,0.7429,0.8652,0.8107,0.002502709,0.806266667,0.050027082
24,1.1601,1.1719,1.1448,0.000123082,1.158933333,0.011094243
25,1.3034,1.3632,1.3004,0.000836542,1.322333333,0.02892304
26,0.9777,1.0429,1.0135,0.000710782,1.011366667,0.026660499
27,0.9409,0.9476,0.9545,3.08289E-05,0.947666667,0.005552377
28,1.1765,1.1684,1.2068,0.00027314,1.1839,0.016526948
29,1.3956,1.3744,1.3766,9.05867E-05,1.3822,0.009517703
30,0.992,1.0158,0.973,0.000306587,0.9936,0.017509616
31,0.9733,1.0685,0.9578,0.002395309,0.999866667,0.048941893
32,0.6673,0.7002,0.6917,0.000194447,0.6864,0.013944413
33,0.8369,0.8738,0.8268,0.000408069,0.845833333,0.020200715
34,0.5673,0.6295,0.5841,0.000690249,0.593633333,0.026272588
35,0.5848,0.6396,0.6076,0.000505209,0.610666667,0.022476852
36,0.6217,0.7212,0.6762,0.001655056,0.673033333,0.040682374
37,0.8924,0.9176,0.7596,0.004803876,0.856533333,0.069309996
38,0.7943,0.8422,0.7284,0.002176407,0.7883,0.046651974
39,0.8376,0.9124,0.8012,0.002142827,0.8504,0.046290676
40,1.3575,1.1373,1.1645,0.009608542,1.219766667,0.098023172
41,2.7176,2.542,2.7133,0.006688616,2.657633333,0.081783957
42,1.898,1.6647,1.709,0.010234709,1.757233333,0.101166738
43,1.6568,1.5037,1.5005,0.005319949,1.553666667,0.07293798
44,1.1588,0.9839,1.0232,0.00561354,1.0553,0.074923561
45,1.1807,1.0635,0.9684,0.007539016,1.070866667,0.086827505
46,1.0128,0.7965,0.7684,0.011922962,0.859233333,0.109192318
47,0.6712,0.7219,0.6408,0.001119096,0.677966667,0.033452886
48,0.6878,0.7095,0.6283,0.001178287,0.6752,0.03432618
49,0.5752,0.6729,0.5467,0.002920442,0.598266667,0.054041116
50,1.3573,1.4396,1.4207,0.001238896,1.405866667,0.035197948
51,0.9211,0.9109,0.9431,0.000180542,0.925033333,0.0134366
52,1.3639,1.4734,1.5678,0.006941869,1.468366667,0.083317879
53,1.3371,1.5333,1.7864,0.033824949,1.552266667,0.183915603
54,0.7256,0.7896,0.8107,0.001309247,0.7753,0.036183514
55,0.6391,0.8772,0.96,0.018502696,0.825433333,0.136024614
56,0.7887,0.8887,0.8598,0.001765602,0.845733333,0.04201907
57,0.6935,0.7494,0.7002,0.000621149,0.714366667,0.024922859
58,0.6253,0.6256,0.5932,0.00023114,0.6147,0.015203289
59,0.7852,0.7612,0.7117,0.0009365,0.7527,0.030602287
60,1.1388,1.0573,1.0487,0.001648247,1.0816,0.040598604
61,0.8125,0.8156,0.746,0.001030669,0.791366667,0.032104032
62,0.7967,0.8291,0.7533,0.000964329,0.793033333,0.031053645
63,0.8001,0.8244,0.7767,0.00037926,0.8004,0.019474599
64,0.5972,0.7149,0.8468,0.010394562,0.719633333,0.101953726
65,0.8074,0.8699,0.865,0.000805336,0.847433333,0.028378435
66,0.6897,0.7714,0.7714,0.001483309,0.744166667,0.038513749
67,0.6882,0.7953,0.746,0.001915749,0.743166667,0.043769269
68,0.919,1.0906,0.9007,0.00731594,0.9701,0.085533268
69,1.082,1.3176,1.2005,0.009251336,1.200033333,0.096183863
70,1.1073,1.3623,1.2957,0.01166168,1.2551,0.107989259
71,1.8633,2.0523,1.9247,0.006196969,1.946766667,0.078720829
72,1.3509,1.4685,1.2936,0.00530034,1.371,0.072803434
73,1.6145,1.5198,1.5901,0.001611727,1.5748,0.040146316
74,0.9514,0.9334,0.9442,5.472E-05,0.943,0.007397297
75,1.1601,1.1515,1.1924,0.000310007,1.168,0.017607006
76,0.7641,0.8032,0.7838,0.000254807,0.7837,0.015962665
77,1.0773,1.1657,1.1037,0.001372836,1.115566667,0.037051796
78,0.5391,0.5626,0.5955,0.000535069,0.565733333,0.023131556
79,0.5671,0.6214,0.6139,0.00057722,0.6008,0.024025403
80,0.6574,0.6885,0.654,0.000241002,0.666633333,0.015524246
81,0.7209,0.8301,0.8067,0.00220376,0.7859,0.046944222
82,0.6987,0.8196,0.7814,0.002546149,0.766566667,0.050459379
83,0.8493,1.3202,1.37,0.055039482,1.179833333,0.234604949
84,1.0247,1.3241,1.252,0.016278229,1.200266667,0.127586163
85,1.5706,2.2458,2.2636,0.104051209,2.026666667,0.322569696
86,1.3141,2.2553,2.1224,0.172985416,1.897266667,0.415915154
87,2.0549,2.3692,2.4185,0.025935549,2.280866667,0.161045177
88,1.5947,1.9808,1.9486,0.030595029,1.841366667,0.174914347
89,0.8746,1.2936,1.1852,0.031531547,1.1178,0.177571244
90,1.1245,1.8926,1.7201,0.108274802,1.579066667,0.329051367
91,1.0512,1.9519,1.9084,0.171993842,1.637166667,0.414721403
92,0.574,0.8384,0.8313,0.015129007,0.7479,0.123000027
93,1.1785,1.2953,1.4258,0.010203309,1.299866667,0.101011429
94,0.5816,0.6285,0.6177,0.000402162,0.609266667,0.020053983
95,0.6919,0.76,0.7304,0.000777336,0.727433333,0.027880738
96,1.2181,0.899,1.1725,0.019856269,1.096533333,0.140912274
97,0.9763,1.0488,0.9696,0.001285976,0.998233333,0.035860501
98,1.7826,1.8622,1.7281,0.003032136,1.790966667,0.05506483
99,1.2474,1.3001,1.2915,0.000532896,1.279666667,0.023084531
100,0.7647,0.801,0.767,0.000275442,0.777566667,0.016596452
101,0.7317,0.7245,0.6936,0.00027314,0.7166,0.016526948
102,0.6342,0.6245,0.5899,0.000361527,0.6162,0.019013855
103,0.8024,0.6964,0.6452,0.004285476,0.714666667,0.065463544
104,0.8983,0.9223,0.9241,0.00013832,0.9149,0.011760952
105,1.1995,1.3788,1.2585,0.005566842,1.278933333,0.074611274
106,1.0412,1.2029,1.014,0.006952216,1.086033333,0.083379947
107,1.2879,1.2367,1.5458,0.018297407,1.3568,0.135267907
108,1.0398,1.0381,0.9249,0.002891016,1.000933333,0.053768165
109,1.2255,1.1566,1.2962,0.003248207,1.2261,0.056993041
110,0.7743,0.7206,0.7466,0.000480776,0.747166667,0.021926595
111,0.7939,0.5973,0.6228,0.007619669,0.671333333,0.087290715
112,0.8204,0.7974,0.7827,0.000240709,0.800166667,0.015514796
113,0.5832,0.7391,0.6282,0.004292069,0.650166667,0.065513883
114,0.7026,0.6794,0.6294,0.000932942,0.670466667,0.030544103
115,1.1214,1.116,1.1162,6.24889E-06,1.117866667,0.002499778
116,0.8839,0.8746,0.8496,0.000209776,0.869366667,0.014483631
117,0.9029,0.9006,0.8579,0.000428176,0.887133333,0.020692403
118,1.2588,1.2853,1.257,0.000167376,1.267033333,0.012937371
119,1.0495,1.0945,1.0531,0.00041688,1.0657,0.020417639
120,1.2968,1.3372,1.2537,0.001162447,1.2959,0.034094672
121,0.9067,0.9946,0.9101,0.001653136,0.937133333,0.04065877
122,0.843,0.9164,0.8353,0.001336007,0.8649,0.036551425
123,0.7154,0.757,0.6637,0.001456482,0.712033333,0.038163886
124,0.6558,0.6867,0.6576,0.00020054,0.6667,0.014161215
125,0.6102,0.5846,0.6796,0.001610747,0.6248,0.040134109
126,0.6017,0.6119,0.612,2.33489E-05,0.608533333,0.004832069
127,0.8906,0.6712,0.8218,0.008394462,0.794533333,0.091621298
128,0.8292,0.7551,0.8054,0.000954149,0.796566667,0.030889301
129,1.3046,1.1839,1.2428,0.002428549,1.243766667,0.049280309
130,0.9901,0.8654,0.8883,0.002937527,0.9146,0.054198954
131,1.8884,2.1321,1.3335,0.111673962,1.784666667,0.334176543
132,1.6794,1.533,1.9393,0.028228962,1.717233333,0.168014768
133,1.4999,1.4684,1.3576,0.003724242,1.441966667,0.06102657
134,2.7668,2.5125,2.3776,0.026038127,2.5523,0.161363337
135,1.9058,1.7568,1.5666,0.019270409,1.743066667,0.138817898
136,0.9298,0.8895,0.9942,0.001859282,0.937833333,0.043119395
137,0.7621,0.8058,0.8585,0.001553327,0.8088,0.039412265
138,0.7073,0.7383,1.0099,0.018477147,0.8185,0.135930669
139,0.7209,0.686,0.6475,0.000898647,0.6848,0.029977436
140,1.041,1.0346,1.1804,0.004525662,1.085333333,0.067273042
141,0.5949,0.6308,0.5741,0.000548482,0.599933333,0.023419697
142,1.1494,1.2184,1.2009,0.000857722,1.189566667,0.029286895
143,0.8373,0.9973,0.9208,0.004269389,0.918466667,0.065340561
144,0.8064,0.9718,0.7658,0.007937947,0.848,0.089095155
145,0.8727,1.0327,0.8654,0.005960287,0.9236,0.077202893
146,1.5031,1.3706,1.0806,0.031129167,1.3181,0.176434596
147,3.014,3.0166,2.544,0.049361947,2.8582,0.222175486
148,3.3087,4.6277,3.4125,0.358582942,3.782966667,0.598817954
149,4.6786,6.1929,5.0468,0.415802327,5.3061,0.644827362
,,,,,,
AVERAGE VARIANCE,,,,0.061098903,,
